NAME,Population,Median Age,Median Household Income,Unemployment Rate,Wage-based Gini,White-alone,Bachelor,State,Place
"Blaine city, Minnesota",64114,37.7,84933,1297.0,0.3973,51141.0,10340.0,27,06382
"Coon Rapids city, Minnesota",62517,39.4,71267,1426.0,0.3632,52557.0,8146.0,27,13114
"Southfield city, Michigan",73174,42.9,55705,2587.0,0.4356,16911.0,11099.0,26,74900
"Bloomington city, Minnesota",85332,41.6,75130,1649.0,0.4233,64283.0,17766.0,27,06616
"Eagan city, Minnesota",66379,38.2,90515,1670.0,0.4216,50741.0,15423.0,27,17288
"Lakeville city, Minnesota",63915,36.6,110212,1036.0,0.3721,55279.0,14926.0,27,35180
"Taylor city, Michigan",61379,38.0,50053,2331.0,0.4172,46207.0,3761.0,26,79000
"Westland city, Michigan",81938,40.2,50710,2299.0,0.4268,60884.0,8693.0,26,86000
"Woodbury city, Minnesota",69906,37.1,108539,904.0,0.3983,55612.0,16563.0,27,71428
"Decatur city, Alabama",54478,39.9,48429,1436.0,0.4774,36741.0,6345.0,01,20104
"Dothan city, Alabama",67894,39.6,47081,2226.0,0.5042,41971.0,7457.0,01,21184
"Redwood City city, California",85784,36.7,117123,1421.0,0.4738,50289.0,15571.0,06,60102
"Yuba City city, California",66516,35.0,56816,2585.0,0.4431,42778.0,5339.0,06,86972
"Fairfield city, California",115282,34.8,84557,3334.0,0.4266,56906.0,15250.0,06,23182
"Union City city, California",74722,38.4,114681,1381.0,0.3754,15351.0,14025.0,06,81204
"Buena Park city, California",82489,36.8,78932,2270.0,0.4164,39949.0,12752.0,06,08786
"San Leandro city, California",90025,40.7,78003,2586.0,0.4303,33505.0,14138.0,06,68084
"Alhambra city, California",84647,40.9,61384,1937.0,0.4733,19378.0,14953.0,06,00884
"Indio city, California",89469,40.0,53669,3567.0,0.4649,50988.0,6790.0,06,36448
"Murrieta city, California",112941,34.2,90535,4056.0,0.4067,73921.0,14317.0,06,50076
"Delano city, California",52886,30.4,43641,2521.0,0.4298,37378.0,1994.0,06,18394
"Palo Alto city, California",66573,41.8,158271,1054.0,0.5119,39241.0,13778.0,06,55282
"Casa Grande city, Arizona",55653,37.2,52841,1589.0,0.4304,40971.0,3745.0,04,10530
"Davis city, California",68543,25.5,69379,1980.0,0.526,44289.0,11073.0,06,18100
"Tustin city, California",79863,34.4,84697,1759.0,0.4471,39115.0,14935.0,06,80854
"Richmond city, California",109884,36.0,68472,3454.0,0.4415,40064.0,13809.0,06,60620
"Castro Valley CDP, California",63013,42.1,108488,1420.0,0.4139,33550.0,13186.0,06,11964
"Clovis city, California",109160,34.5,77904,2936.0,0.4238,75652.0,14682.0,06,14218
"Chico city, California",94529,29.7,53324,4099.0,0.4998,77471.0,13362.0,06,13014
"Tulare city, California",63547,28.4,54037,1857.0,0.4181,50516.0,2775.0,06,80644
"Lakewood city, California",80292,38.6,93432,2219.0,0.376,39489.0,12055.0,06,39892
"Hesperia city, California",94203,31.2,53561,3981.0,0.4126,76261.0,4096.0,06,33434
"Yucaipa city, California",53416,36.4,69104,1122.0,0.4358,45980.0,5128.0,06,87042
"Porterville city, California",59697,30.5,43823,3092.0,0.4772,43812.0,2612.0,06,58240
"Jurupa Valley city, California",105653,32.1,70642,4382.0,0.4035,55531.0,5829.0,06,37692
"Carlsbad city, California",114253,42.9,110478,2879.0,0.4504,97000.0,27394.0,06,11194
"Pittsburg city, California",71422,34.7,74459,3033.0,0.4402,25288.0,7060.0,06,57456
"Walnut Creek city, California",69567,47.8,105948,1242.0,0.4545,51532.0,19841.0,06,83346
"Daly City city, California",106677,39.9,94550,3185.0,0.406,22708.0,23667.0,06,17918
"Norwalk city, California",105304,34.9,70667,3004.0,0.3793,39322.0,9722.0,06,52526
"Santa Cruz city, California",64522,28.8,77921,2762.0,0.5133,47705.0,10175.0,06,69112
"Monterey Park city, California",60439,44.1,61819,1512.0,0.4636,8483.0,10251.0,06,48914
"Paramount city, California",54513,30.9,55670,1390.0,0.3774,25717.0,2457.0,06,55618
"Santa Monica city, California",91577,40.1,96570,2962.0,0.5505,69539.0,28253.0,06,70000
"South Gate city, California",94642,31.9,52321,4509.0,0.403,59504.0,4145.0,06,73080
"West Covina city, California",106589,38.2,82938,3108.0,0.4063,37684.0,15778.0,06,84200
"Laguna Niguel city, California",65808,45.2,108537,1440.0,0.4834,49944.0,15757.0,06,39248
"Yorba Linda city, California",67725,44.2,129995,1226.0,0.4287,48927.0,16363.0,06,86832
"Santa Maria city, California",106224,29.3,63341,2502.0,0.3888,87175.0,5766.0,06,69196
"Santa Barbara city, California",91376,39.0,76606,2043.0,0.4782,72394.0,18492.0,06,69070
"San Ramon city, California",75648,40.2,160783,1270.0,0.3883,32594.0,20049.0,06,68378
"Redding city, California",91580,38.1,54278,2203.0,0.46,77120.0,10661.0,06,59920
"Manteca city, California",79129,36.2,72867,2979.0,0.4054,53697.0,6039.0,06,45484
"Santee city, California",57797,38.2,87098,1567.0,0.3744,46445.0,8310.0,06,70224
"Vista city, California",100686,32.9,72125,2361.0,0.3995,83554.0,10382.0,06,82996
"Downey city, California",112322,35.6,75878,3020.0,0.404,68660.0,12186.0,06,19766
"Redondo Beach city, California",67423,40.7,113499,1467.0,0.429,47853.0,18470.0,06,60018
"Redlands city, California",71198,37.2,74839,2027.0,0.4781,51653.0,10892.0,06,59962
"Camarillo city, California",68122,42.3,93512,1382.0,0.4396,53218.0,12477.0,06,10046
"Lake Elsinore city, California",65817,30.6,71476,2514.0,0.3933,33255.0,5579.0,06,39486
"Castle Rock town, Colorado",62417,35.8,109700,999.0,0.3762,57038.0,12953.0,08,12415
"Broomfield city, Colorado",67886,37.8,96416,1263.0,0.4343,58579.0,16206.0,08,09280
"Longmont city, Colorado",94445,38.1,74242,2583.0,0.4179,84320.0,17325.0,08,45970
"Florence-Graham CDP, California",65716,28.8,44328,2508.0,0.4155,30349.0,1665.0,06,24477
"Gardena city, California",59709,41.3,58447,1419.0,0.439,14691.0,8073.0,06,28168
"Hawthorne city, California",87107,33.2,54215,2786.0,0.4494,31560.0,8893.0,06,32548
"La Mesa city, California",59556,35.7,66051,2246.0,0.4337,42494.0,10210.0,06,40004
"Vacaville city, California",98875,37.5,87823,2110.0,0.4091,64918.0,10600.0,06,81554
"Folsom city, California",78159,40.7,114405,1190.0,0.3965,54802.0,16668.0,06,24638
"Watsonville city, California",53800,30.6,55470,1974.0,0.4374,27336.0,2586.0,06,83668
"Flagstaff city, Arizona",72402,25.2,58748,3089.0,0.4649,56722.0,9512.0,04,23620
"Cupertino city, California",60257,41.6,171917,1003.0,0.4305,16238.0,14086.0,06,17610
"Gilroy city, California",56766,34.4,101616,1665.0,0.4128,42517.0,6353.0,06,29504
"Chino Hills city, California",80701,38.0,106347,2055.0,0.3863,38524.0,16972.0,06,13214
"Upland city, California",76596,38.3,72782,1930.0,0.4445,48976.0,10629.0,06,81344
"Antioch city, California",111200,36.0,76601,4666.0,0.4108,45158.0,10793.0,06,02252
"Auburn city, Alabama",64054,24.8,47318,1390.0,0.5534,45615.0,9942.0,01,03076
"Rogers city, Arkansas",66344,33.1,61551,847.0,0.4992,59075.0,8469.0,05,60410
"Fayetteville city, Arkansas",85166,27.3,43690,2225.0,0.5268,67904.0,13124.0,05,23290
"Springdale city, Arkansas",79598,31.7,50343,2112.0,0.4431,49861.0,6626.0,05,66080
"San Rafael city, California",58775,41.1,91742,1283.0,0.499,39251.0,12556.0,06,68364
"Rocklin city, California",64835,37.5,98566,1475.0,0.4001,51228.0,12734.0,06,62364
"La Habra city, California",60594,36.0,79325,2456.0,0.4068,34169.0,7684.0,06,39290
"Hoover city, Alabama",85175,37.8,89452,1495.0,0.4421,60728.0,19896.0,01,35896
"Turlock city, California",72904,34.2,59681,2511.0,0.4574,55668.0,7853.0,06,80812
"Rialto city, California",103045,30.5,61518,5339.0,0.3991,64811.0,4827.0,06,60466
"Carmichael CDP, California",64454,40.3,64710,1874.0,0.4785,51475.0,9632.0,06,11390
"Livermore city, California",89699,39.8,127452,1557.0,0.4016,68104.0,17492.0,06,41992
"Petaluma city, California",60767,41.7,91528,1298.0,0.4385,47069.0,11365.0,06,56784
"Baldwin Park city, California",75892,35.0,65904,2244.0,0.396,31791.0,5477.0,06,03666
"Cerritos city, California",50143,45.8,106190,1436.0,0.404,9937.0,12866.0,06,12552
"Inglewood city, California",109613,36.1,54400,4656.0,0.4466,30554.0,10818.0,06,36546
"Cathedral City city, California",54357,39.4,46521,1589.0,0.5152,41101.0,5176.0,06,12048
"San Mateo city, California",104333,38.2,124842,2256.0,0.4598,55216.0,22890.0,06,68252
"Brentwood city, California",61961,40.0,108994,2039.0,0.394,39238.0,9430.0,06,08142
"Chino city, California",89631,37.6,81711,1997.0,0.3932,46928.0,10305.0,06,13210
"Pueblo city, Colorado",110841,37.7,40450,4128.0,0.4747,83649.0,9679.0,08,62000
"Greeley city, Colorado",105888,31.5,57586,2702.0,0.4369,93510.0,9770.0,08,32155
"Highland city, California",55049,30.9,64868,2104.0,0.4611,33122.0,3879.0,06,33588
"Hemet city, California",84542,38.9,39726,3960.0,0.4468,62969.0,3947.0,06,33182
"Perris city, California",77290,28.3,63829,2608.0,0.3951,24411.0,2802.0,06,56700
"Hacienda Heights CDP, California",55188,42.9,85953,1307.0,0.4367,20258.0,9418.0,06,31596
"National City city, California",61121,34.2,47119,1794.0,0.4506,39509.0,4269.0,06,50398
"San Marcos city, California",95355,35.5,78797,1849.0,0.4534,70858.0,14925.0,06,68196
"Fountain Valley city, California",56026,44.6,93075,1135.0,0.4384,30352.0,11845.0,06,25380
"Yuma city, Arizona",96349,31.8,47998,4091.0,0.4448,72635.0,6855.0,04,85540
"El Cajon city, California",103186,34.0,55309,4003.0,0.4471,76646.0,9717.0,06,21712
"Victorville city, California",121902,31.0,53957,6250.0,0.4323,77909.0,6073.0,06,82590
"Conway city, Arkansas",66127,28.9,47221,1070.0,0.5048,49271.0,9253.0,05,15190
"North Little Rock city, Arkansas",66075,34.2,43703,2091.0,0.499,31974.0,7855.0,05,50450
"West Sacramento city, California",53151,34.3,70699,1921.0,0.4577,35213.0,6666.0,06,84816
"Alameda city, California",78522,40.6,104756,1543.0,0.4425,37882.0,19758.0,06,00562
"Lynwood city, California",70635,30.0,52213,2673.0,0.4063,41847.0,2536.0,06,44574
"Bowie city, Maryland",58481,42.7,113338,1623.0,0.3619,20166.0,10383.0,24,08775
"Columbia CDP, Maryland",103991,38.4,108352,2414.0,0.3913,55894.0,22762.0,24,19125
"Dundalk CDP, Maryland",63015,38.6,55757,2054.0,0.4327,49474.0,3634.0,24,23975
"Weymouth Town city, Massachusetts",56734,42.4,84942,1973.0,0.4006,47806.0,10769.0,25,78972
"Quincy city, Massachusetts",94207,39.7,77562,2941.0,0.4426,57581.0,19576.0,25,55745
"Lenexa city, Kansas",54011,37.8,87102,818.0,0.4123,45921.0,12888.0,20,39350
"Norwalk city, Connecticut",88599,40.4,85769,3460.0,0.4996,64131.0,16567.0,09,55990
"Warner Robins city, Georgia",76115,33.5,51779,2465.0,0.4382,37802.0,8261.0,13,80508
"Wheaton city, Illinois",53270,37.3,103376,984.0,0.4546,45143.0,12824.0,17,81048
"Pontiac city, Michigan",59955,31.9,33568,3360.0,0.4759,22749.0,3290.0,26,65440
"Rochester Hills city, Michigan",74206,42.2,93953,1115.0,0.4355,59663.0,16785.0,26,69035
"Avondale city, Arizona",84736,30.8,61825,2545.0,0.3988,58790.0,6379.0,04,04720
"Buckeye city, Arizona",69744,34.3,71707,1625.0,0.3618,51202.0,6410.0,04,07940
"Owensboro city, Kentucky",59536,38.0,43369,1491.0,0.4813,51412.0,5600.0,21,58620
"Shawnee city, Kansas",65540,38.4,87120,1107.0,0.4323,56444.0,13773.0,20,64500
"Cambridge city, Massachusetts",116632,30.5,103154,2964.0,0.4941,77111.0,22817.0,25,11000
"Albany city, Georgia",73478,34.3,36615,4544.0,0.4788,16257.0,5185.0,13,01052
"Wellington village, Florida",64396,41.2,92586,1605.0,0.4502,51615.0,11742.0,12,75812
"Deltona city, Florida",90403,38.4,52616,2197.0,0.3864,67425.0,7600.0,12,17200
"Carmel city, Indiana",97464,39.4,112765,1345.0,0.4609,81320.0,26310.0,18,10342
"Hammond city, Indiana",76547,35.7,46406,2755.0,0.4414,37901.0,5127.0,18,31000
"Coral Gables city, Florida",50226,40.1,100843,806.0,0.5576,46134.0,10529.0,12,14250
"Des Plaines city, Illinois",58673,43.3,69760,1482.0,0.4299,45525.0,10680.0,17,19642
"Elgin city, Illinois",112653,35.0,69041,3374.0,0.4221,69646.0,11356.0,17,23074
"Bloomington city, Illinois",78015,35.0,67507,1454.0,0.4928,60633.0,15766.0,17,06613
"Rochester city, Minnesota",115557,35.7,73106,2226.0,0.4507,91786.0,20042.0,27,54880
"Apple Valley city, Minnesota",52889,38.2,89251,955.0,0.3994,41439.0,10861.0,27,01900
"Iowa City city, Iowa",74950,26.5,49075,2089.0,0.5113,58850.0,11120.0,19,38595
"Lawrence city, Kansas",96369,28.2,53639,2493.0,0.4846,76905.0,14510.0,20,38900
"Berwyn city, Illinois",55407,35.1,62758,1184.0,0.4085,28338.0,5346.0,17,05573
"Marietta city, Georgia",60544,34.9,57452,1489.0,0.4832,33411.0,11034.0,13,49756
"Smyrna city, Georgia",56268,35.2,76444,1569.0,0.4509,27437.0,12674.0,13,71492
"Country Club CDP, Florida",50431,36.9,48184,1456.0,0.4306,41158.0,5133.0,12,14895
"Riverview CDP, Florida",95338,35.9,74622,2870.0,0.3799,64383.0,13138.0,12,60950
"Boynton Beach city, Florida",76832,42.6,57563,3059.0,0.436,48665.0,11739.0,12,07875
"The Villages CDP, Florida",79372,71.7,63841,91.0,0.4046,77787.0,19128.0,12,71625
"Sanford city, Florida",59700,34.9,47217,2150.0,0.4644,33462.0,7112.0,12,63650
"Westminster city, Colorado",112962,36.6,76142,2604.0,0.4036,95970.0,19594.0,08,83835
"Grand Junction city, Colorado",62062,37.1,52504,2174.0,0.462,57577.0,9313.0,08,31660
"Parker town, Colorado",54352,34.7,110934,898.0,0.3524,47691.0,11798.0,08,57630
"Dearborn city, Michigan",94701,31.6,53670,2598.0,0.4721,85710.0,9999.0,26,21000
"Lawrence city, Massachusetts",79942,32.3,44613,3806.0,0.4653,42232.0,3669.0,25,34550
"Brockton city, Massachusetts",95594,35.7,58469,4247.0,0.4608,34527.0,8382.0,25,09000
"Taunton city, Massachusetts",57124,39.6,62865,2005.0,0.4411,45623.0,6299.0,25,69170
"Aliso Viejo city, California",50663,37.8,112689,1102.0,0.3925,35449.0,12656.0,06,00947
"Eastvale city, California",62046,33.1,119213,1494.0,0.375,27131.0,9448.0,06,21230
"Apple Valley town, California",72726,36.7,54527,3085.0,0.4402,57033.0,5024.0,06,02364
"San Buenaventura (Ventura) city, California",109910,39.6,78882,2789.0,0.4316,92899.0,17332.0,06,65042
"Napa city, California",79074,38.8,84043,1893.0,0.4289,61061.0,12462.0,06,50258
"Colton city, California",54580,31.4,53838,1787.0,0.3977,31608.0,4090.0,06,14890
"Encinitas city, California",62780,43.6,116022,1248.0,0.4961,54986.0,16686.0,06,22678
"Menifee city, California",90349,37.7,70224,2864.0,0.4178,57335.0,7587.0,06,46842
"Dublin city, California",61240,36.7,150299,1124.0,0.3836,23806.0,15736.0,06,20018
"Costa Mesa city, California",113159,35.2,84138,2848.0,0.44,80369.0,21931.0,06,16532
"El Monte city, California",115517,35.7,49003,3496.0,0.4272,44765.0,7575.0,06,22230
"Glendora city, California",51801,41.0,96132,1587.0,0.4534,36449.0,8147.0,06,30014
"Huntington Park city, California",58353,31.3,42447,2375.0,0.4183,39073.0,1720.0,06,36056
"Hanford city, California",56475,33.5,62413,1896.0,0.4321,41935.0,4348.0,06,31960
"Fishers city, Indiana",90332,35.6,109454,1285.0,0.4179,75256.0,24157.0,18,23278
"Kendall CDP, Florida",75312,41.9,73612,1473.0,0.4867,65930.0,14856.0,12,36100
"Miami Beach city, Florida",90108,41.4,53971,2047.0,0.6063,65937.0,18739.0,12,45025
"Ocala city, Florida",59267,38.3,41755,2146.0,0.5326,43735.0,5939.0,12,50750
"Evanston city, Illinois",74587,36.1,78904,1559.0,0.5542,49679.0,13993.0,17,24582
"Skokie village, Illinois",63821,43.7,73046,1312.0,0.4658,36438.0,13653.0,17,70122
"Alpharetta city, Georgia",65590,39.6,113802,1567.0,0.4491,41535.0,18027.0,13,01696
"Roswell city, Georgia",94498,38.6,99726,1868.0,0.4628,70923.0,24134.0,13,67284
"Fountainebleau CDP, Florida",60547,41.7,51041,1491.0,0.3882,56817.0,10094.0,12,24562
"Alafaya CDP, Florida",91068,34.2,75307,2396.0,0.3983,65597.0,16376.0,12,00410
"Palm Beach Gardens city, Florida",56219,51.1,87969,680.0,0.5222,48699.0,13826.0,12,54075
"Port Orange city, Florida",62726,46.2,51883,1589.0,0.426,54142.0,7512.0,12,58575
"Southaven city, Mississippi",54152,36.0,61026,1275.0,0.3927,35695.0,5974.0,28,69280
"Greenwood city, Indiana",57764,35.0,63474,1011.0,0.4092,49585.0,8451.0,18,29898
"Sioux City city, Iowa",82531,34.4,55433,2088.0,0.4304,68816.0,7785.0,19,73335
"Davenport city, Iowa",102169,36.7,51029,2280.0,0.4616,83137.0,11656.0,19,19000
"Frederick city, Maryland",70887,35.9,76118,2046.0,0.3993,48270.0,10635.0,24,30325
"Ellicott City CDP, Maryland",72665,41.4,131534,1223.0,0.4079,41243.0,15949.0,24,26000
"Davie town, Florida",104399,36.8,71780,2539.0,0.4912,76459.0,17332.0,12,16475
"Pinellas Park city, Florida",52857,44.2,49652,1393.0,0.4278,41848.0,6089.0,12,56975
"Palm Coast city, Florida",85933,49.4,54360,1808.0,0.4002,68482.0,9390.0,12,54200
"Palm Bay city, Florida",111997,40.3,51408,3185.0,0.3992,82502.0,10128.0,12,54000
"Brandon CDP, Florida",115911,37.1,61120,3208.0,0.3973,79687.0,18311.0,12,08150
"Poinciana CDP, Florida",69955,36.5,49878,1624.0,0.3915,43906.0,5137.0,12,57900
"Homestead city, Florida",68438,30.6,47508,2312.0,0.4484,46685.0,5915.0,12,32275
"Pocatello city, Idaho",55525,32.5,46617,1533.0,0.4578,49330.0,7152.0,16,64090
"Royal Oak city, Michigan",59195,35.8,81665,1210.0,0.4278,53201.0,15666.0,26,70040
"Newton city, Massachusetts",88593,41.0,151068,1318.0,0.4764,67908.0,17383.0,25,45560
"Haverhill city, Massachusetts",63533,36.8,69426,1909.0,0.4247,51014.0,8792.0,25,29405
"San Tan Valley CDP, Arizona",96692,33.5,67880,2480.0,0.358,81998.0,8797.0,04,64210
"Ankeny city, Iowa",61938,32.4,86486,1105.0,0.3938,57693.0,13956.0,19,02305
"Noblesville city, Indiana",63071,34.3,82218,1125.0,0.4055,56478.0,13146.0,18,54180
"Anderson city, Indiana",54513,38.3,37038,1993.0,0.4527,42522.0,4028.0,18,01468
"Kendale Lakes CDP, Florida",56182,44.4,59252,1371.0,0.4283,52682.0,7622.0,12,36062
"Daytona Beach city, Florida",67604,40.6,35893,2080.0,0.5039,39187.0,7009.0,12,16525
"Pensacola city, Florida",52642,36.9,50493,1416.0,0.5067,33464.0,7534.0,12,55925
"St. Cloud city, Florida",51158,35.6,55440,1479.0,0.3991,37438.0,4479.0,12,62625
"Fort Myers city, Florida",79927,40.6,46409,1934.0,0.5115,51588.0,10565.0,12,24125
"The Hammocks CDP, Florida",61516,38.5,70014,1378.0,0.4134,51444.0,10927.0,12,71569
"Boulder city, Colorado",106392,28.6,69520,2893.0,0.5327,92957.0,22168.0,08,07850
"Arvada city, Colorado",118746,40.2,84717,2594.0,0.4063,108164.0,22583.0,08,03455
"Oak Lawn village, Illinois",55936,40.8,64476,1619.0,0.4206,45286.0,7790.0,17,54820
"Oak Park village, Illinois",52233,39.8,94646,1422.0,0.4895,35868.0,11293.0,17,54885
"Troy city, Michigan",83989,42.2,101882,1536.0,0.4151,56694.0,18595.0,26,80700
"Plymouth city, Minnesota",78134,39.9,105958,1101.0,0.4386,62489.0,19928.0,27,51730
"Lowell city, Massachusetts",111306,33.5,56878,3447.0,0.461,67849.0,10192.0,25,37000
"Peabody city, Massachusetts",52906,45.8,73217,1139.0,0.444,47563.0,8743.0,25,52490
"Fall River city, Massachusetts",89388,39.6,43503,3603.0,0.4626,72055.0,6503.0,25,23000
"Fort Smith city, Arkansas",87743,36.5,41724,1969.0,0.4871,56592.0,8628.0,05,24550
"Jonesboro city, Arkansas",76036,32.8,45931,2607.0,0.4979,54628.0,8437.0,05,35710
"Wheaton CDP, Maryland",50229,36.2,85617,1552.0,0.4132,17019.0,6643.0,24,83775
"West Des Moines city, Iowa",65606,36.7,76368,866.0,0.4415,55555.0,16940.0,19,83910
"Spring Hill CDP, Florida",111076,43.5,51395,2903.0,0.4097,96558.0,9652.0,12,68350
"Doral city, Florida",59972,35.4,77493,1089.0,0.4227,54706.0,11450.0,12,17935
"Miami Gardens city, Florida",111363,35.5,44064,3976.0,0.423,27359.0,7004.0,12,45060
"Tamiami CDP, Florida",56225,45.2,57531,794.0,0.4344,53569.0,9054.0,12,70700
"Commerce City city, Colorado",56448,31.6,77065,1262.0,0.3859,46066.0,5149.0,08,16495
"Wyoming city, Michigan",75702,33.5,54328,1876.0,0.4002,55151.0,7494.0,26,88940
"Montebello city, California",62742,36.1,56150,2238.0,0.4358,35330.0,6102.0,06,48816
"Pico Rivera city, California",63001,37.1,67636,1612.0,0.4012,32910.0,3949.0,06,56924
"South Whittier CDP, California",60357,33.4,71458,1570.0,0.3885,24758.0,4169.0,06,73430
"Rancho Cordova city, California",73147,34.5,65307,2839.0,0.4259,43607.0,9584.0,06,59444
"Temecula city, California",113381,34.8,96183,3216.0,0.3863,77148.0,15308.0,06,78120
"Mission Viejo city, California",95516,45.5,118477,2124.0,0.4055,73911.0,22391.0,06,48256
"Lodi city, California",65846,35.0,58763,2216.0,0.4537,40864.0,5367.0,06,42202
"Newport Beach city, California",85694,47.2,127223,1408.0,0.5446,73563.0,25687.0,06,51182
"San Clemente city, California",64878,44.3,110434,1478.0,0.4723,53926.0,14948.0,06,65084
"Berkeley city, California",121485,31.1,85530,3575.0,0.5257,71445.0,25851.0,06,06000
"Lafayette city, Indiana",72581,33.2,46374,2097.0,0.4249,60801.0,7602.0,18,40788
"Rockville city, Maryland",67542,38.7,106576,1686.0,0.4234,38056.0,13252.0,24,67675
"Bolingbrook village, Illinois",74431,36.2,91290,1798.0,0.3929,37942.0,12552.0,17,07133
"Champaign city, Illinois",87636,27.4,48415,2132.0,0.5466,56262.0,10180.0,17,12385
"Sandy Springs city, Georgia",107072,36.5,78613,1955.0,0.5271,72492.0,30775.0,13,68516
"Athens-Clarke County unified government (balance), Georgia",124719,28.0,38311,3373.0,0.5231,78815.0,15403.0,13,03440
"Johns Creek city, Georgia",83999,41.1,122514,2132.0,0.418,47761.0,22775.0,13,42425
"Tamarac city, Florida",65874,47.1,48930,1667.0,0.4451,38645.0,8303.0,12,70675
"Plantation city, Florida",93449,40.2,74903,2212.0,0.4476,61650.0,17615.0,12,57425
"Burnsville city, Minnesota",61311,36.8,73529,1702.0,0.3962,44702.0,11344.0,27,08794
"Revere city, Massachusetts",53692,39.2,62568,1589.0,0.4546,41933.0,5594.0,25,56585
"Bellflower city, California",77195,34.6,60011,2242.0,0.4361,24423.0,6696.0,06,04982
"Arden-Arcade CDP, California",102864,36.9,50501,4276.0,0.5269,64765.0,15333.0,06,02553
"Citrus Heights city, California",87373,38.0,62276,2829.0,0.4038,72570.0,9089.0,06,13588
"Council Bluffs city, Iowa",62355,38.4,53524,1410.0,0.416,56806.0,5270.0,19,16860
"Aspen Hill CDP, Maryland",53049,37.5,87055,1834.0,0.4277,22088.0,7938.0,24,02825
"Silver Spring CDP, Maryland",81773,34.5,83782,2901.0,0.4469,32591.0,13410.0,24,72450
"Germantown CDP, Maryland",90582,35.2,94559,1775.0,0.411,41549.0,16295.0,24,32025
"Bonita Springs city, Florida",55902,59.0,70249,744.0,0.542,50337.0,10257.0,12,07525
"Wesley Chapel CDP, Florida",58208,36.9,84951,1368.0,0.3893,44000.0,10084.0,12,75875
"Waukegan city, Illinois",87297,32.3,49803,3472.0,0.4356,44518.0,6047.0,17,79293
"Hoffman Estates village, Illinois",50841,38.6,91917,973.0,0.3852,28719.0,10749.0,17,35411
"Caldwell city, Idaho",54887,29.7,49046,1663.0,0.3939,40185.0,3311.0,16,12250
"Nampa city, Idaho",93952,32.4,48846,2566.0,0.3767,77679.0,7565.0,16,56260
"Flint city, Michigan",96559,35.5,28834,7904.0,0.4873,37734.0,5041.0,26,29000
"New Bedford city, Massachusetts",95239,36.6,46321,2992.0,0.4598,60483.0,7408.0,25,45000
"Malden city, Massachusetts",60984,34.6,65975,1704.0,0.4666,32411.0,10062.0,25,37875
"Lynn city, Massachusetts",93743,34.5,56181,2929.0,0.4574,45528.0,7894.0,25,37490
"Goodyear city, Arizona",80371,38.7,83866,1635.0,0.3825,60943.0,10251.0,04,28380
"Catalina Foothills CDP, Arizona",50454,53.8,92929,1020.0,0.5068,44340.0,12275.0,04,11230
"Bloomington city, Indiana",84116,24.0,37077,2940.0,0.539,68891.0,10732.0,18,05860
"Idaho Falls city, Idaho",61459,33.4,53148,1124.0,0.468,54167.0,7744.0,16,39700
"Town 'n' Country CDP, Florida",87338,37.7,54444,2542.0,0.4464,66018.0,12083.0,12,72145
"Boca Raton city, Florida",97468,48.5,83114,2429.0,0.5476,84456.0,23318.0,12,07300
"Lakeland city, Florida",107922,41.1,47511,3151.0,0.487,77990.0,12691.0,12,38250
"North Miami city, Florida",62489,36.0,41611,2479.0,0.4984,20920.0,5508.0,12,49450
"Apopka city, Florida",51800,37.3,66057,1532.0,0.408,32372.0,6479.0,12,01700
"Pine Hills CDP, Florida",78995,31.0,40894,3657.0,0.4256,11765.0,5005.0,12,56825
"Highlands Ranch CDP, Colorado",105631,39.8,125454,1772.0,0.3875,93017.0,28105.0,08,36410
"Duluth city, Minnesota",85915,34.1,52463,2133.0,0.4759,77076.0,12608.0,27,17000
"Placentia city, California",51818,37.4,95757,1155.0,0.3999,36835.0,8888.0,06,57526
"Bowling Green city, Kentucky",67600,27.0,42216,1994.0,0.5036,50556.0,7037.0,21,08902
"Waldorf CDP, Maryland",75489,35.2,95695,1474.0,0.3675,21700.0,8397.0,24,81175
"Cicero town, Illinois",82330,30.5,49367,2142.0,0.4049,28100.0,3576.0,17,14351
"Jupiter town, Florida",64565,46.1,86027,1312.0,0.5216,58077.0,14124.0,12,35875
"Clearwater city, Florida",115159,45.4,48691,3946.0,0.4909,91932.0,17495.0,12,12875
"Palm Harbor CDP, Florida",62310,50.4,59557,1353.0,0.4489,56799.0,11130.0,12,54350
"Stonecrest city, Georgia",54202,33.2,49865,2265.0,0.4151,1981.0,6890.0,13,73784
"South Fulton city, Georgia",96283,37.0,65919,4140.0,0.4099,5347.0,14317.0,13,72122
"Brookhaven city, Georgia",53819,34.2,92604,851.0,0.5069,37741.0,14612.0,13,10944
"Pompano Beach city, Florida",110062,42.8,49518,4202.0,0.4742,67967.0,13102.0,12,58050
"Largo city, Florida",84130,48.3,44323,2382.0,0.4502,73172.0,10295.0,12,39425
"West Palm Beach city, Florida",109767,39.5,54334,4552.0,0.5031,63921.0,16000.0,12,76600
"Bradenton city, Florida",56551,44.4,46776,1627.0,0.4487,42489.0,6669.0,12,07950
"Normal town, Illinois",54891,24.6,58111,852.0,0.4855,44875.0,8246.0,17,53234
"Wilmington city, Delaware",70644,35.6,45032,2892.0,0.5439,25131.0,7810.0,10,77580
"Maple Grove city, Minnesota",70627,40.0,109557,1096.0,0.3819,59412.0,17000.0,27,40166
"Minnetonka city, Minnesota",53025,44.4,95630,891.0,0.4771,45708.0,14778.0,27,43252
"Novi city, Michigan",60014,38.6,98020,903.0,0.4463,38808.0,13429.0,26,59440
"Gulfport city, Mississippi",71676,34.8,39171,3796.0,0.4851,40640.0,6944.0,28,29700
"Medford city, Massachusetts",57637,35.3,96455,990.0,0.4494,43294.0,11035.0,25,39835
"Somerville city, Massachusetts",80906,31.3,97328,1910.0,0.4244,61296.0,19984.0,25,62535
"Waltham city, Massachusetts",62777,34.3,95964,1159.0,0.4114,45146.0,12611.0,25,72600
"Rosemead city, California",54282,41.9,57999,1214.0,0.4273,7816.0,6043.0,06,62896
"Palm Desert city, California",52575,54.5,59977,1188.0,0.5324,43372.0,9348.0,06,55184
"Pleasanton city, California",81717,42.4,156400,1307.0,0.43,45786.0,20152.0,06,57792
"Burbank city, California",103703,39.8,75827,3499.0,0.4789,74465.0,22141.0,06,08954
"Elkhart city, Indiana",52257,33.5,40750,1900.0,0.4262,39916.0,3444.0,18,20728
"Evansville city, Indiana",118588,37.6,40178,3554.0,0.4532,95606.0,11817.0,18,22000
"Gary city, Indiana",76010,39.0,31936,3839.0,0.4871,11617.0,4255.0,18,27000
"Bethesda CDP, Maryland",63195,43.4,164142,1065.0,0.4859,51568.0,13438.0,24,07125
"Kenner city, Louisiana",66777,37.0,54975,1574.0,0.4664,42980.0,7776.0,22,39475
"Portland city, Maine",66595,36.8,60467,1163.0,0.462,56341.0,15666.0,23,60545
"Bossier City city, Louisiana",68248,34.0,50340,1567.0,0.4494,44784.0,6604.0,22,08920
"East Hartford CDP, Connecticut",50272,37.8,55967,2033.0,0.4386,27716.0,4472.0,09,22700
"Danbury city, Connecticut",84619,38.3,73297,2957.0,0.4403,51423.0,11014.0,09,18430
"Peoria city, Illinois",113532,35.2,51771,4991.0,0.5156,68180.0,15297.0,17,59000
"Decatur city, Illinois",72359,40.2,42701,3111.0,0.4835,51508.0,6340.0,17,18823
"Lehigh Acres CDP, Florida",123378,34.6,48483,3648.0,0.3942,87721.0,8062.0,12,39925
"Sunrise city, Florida",94060,39.5,54744,2888.0,0.4431,51529.0,12420.0,12,69700
"Waterbury city, Connecticut",108276,34.8,42401,4992.0,0.464,65950.0,6784.0,09,80000
"West Hartford CDP, Connecticut",63063,40.7,104281,1328.0,0.4634,50869.0,13207.0,09,82660
"Stratford CDP, Connecticut",52120,42.6,79430,1985.0,0.4118,38081.0,7373.0,09,74260
"Meriden city, Connecticut",59676,40.9,58843,1916.0,0.4115,46582.0,6385.0,09,46450
"Milford city (balance), Connecticut",52732,45.5,91783,1458.0,0.4446,45826.0,9771.0,09,47515
"Dearborn Heights city, Michigan",55857,36.9,49750,1489.0,0.4428,48172.0,5105.0,26,21020
"Ann Arbor city, Michigan",120735,27.5,65745,2546.0,0.5094,85786.0,20201.0,26,03000
"Kentwood city, Michigan",51693,34.4,54197,864.0,0.4078,32756.0,7739.0,26,42820
"Chicopee city, Massachusetts",55421,39.7,53225,1679.0,0.4277,47556.0,5102.0,25,13660
"Brookline CDP, Massachusetts",59180,33.7,117326,936.0,0.5287,42598.0,12083.0,25,09210
"Framingham city, Massachusetts",72308,38.9,82709,2175.0,0.4468,50254.0,13916.0,25,24960
"Eden Prairie city, Minnesota",64179,39.4,111981,1133.0,0.4504,48584.0,17552.0,27,18116
"Edina city, Minnesota",51746,44.2,104244,836.0,0.5372,44433.0,14695.0,27,18188
"East Los Angeles CDP, California",121187,32.1,46082,5301.0,0.417,55870.0,5032.0,06,20802
"Waterloo city, Iowa",67912,36.8,47327,2015.0,0.4658,50692.0,7428.0,19,82425
"Dubuque city, Iowa",58196,37.3,54234,1478.0,0.445,52242.0,7649.0,19,22395
"Coconut Creek city, Florida",60490,40.2,62973,1558.0,0.4172,45838.0,10300.0,12,13275
"Tinley Park village, Illinois",56505,40.1,78343,1667.0,0.3865,49121.0,9755.0,17,75484
"Mount Prospect village, Illinois",54604,40.4,79733,1238.0,0.4399,41862.0,10996.0,17,51089
"Schaumburg village, Illinois",74194,38.5,83096,1594.0,0.3871,45390.0,17011.0,17,68003
"Orland Park village, Illinois",58749,46.0,90345,1154.0,0.4279,51789.0,11384.0,17,56640
"Margate city, Florida",58023,46.4,45594,1731.0,0.4601,35124.0,6558.0,12,43125
"Meridian city, Idaho",101905,36.2,71389,1939.0,0.4311,92676.0,16677.0,16,52120
"St. Cloud city, Minnesota",68001,30.9,49135,2795.0,0.4619,52398.0,8391.0,27,56896
"Brooklyn Park city, Minnesota",80068,35.0,73940,1629.0,0.4121,36307.0,10984.0,27,07966
"St. Clair Shores city, Michigan",59528,44.9,60805,1845.0,0.4202,54783.0,7695.0,26,70760
"Tuscaloosa city, Alabama",99390,29.3,45268,3124.0,0.5274,50874.0,11975.0,01,77256
"Ames city, Iowa",66023,23.3,48105,2167.0,0.4951,53666.0,9903.0,19,01855
"Terre Haute city, Indiana",60673,32.5,36406,2506.0,0.4794,49851.0,5011.0,18,75428
"Kokomo city, Indiana",58145,40.3,45797,1588.0,0.4438,48647.0,4868.0,18,40392
"Delray Beach city, Florida",68217,47.7,60746,2328.0,0.5201,43569.0,12734.0,12,17100
"Springfield city, Illinois",115888,39.4,54648,4068.0,0.4914,84540.0,17220.0,17,72000
"Deerfield Beach city, Florida",80312,42.9,48124,3021.0,0.4617,51408.0,10721.0,12,16725
"Arlington Heights village, Illinois",75482,44.5,96340,1284.0,0.4389,63551.0,20083.0,17,02154
"Coeur d'Alene city, Idaho",50540,36.8,51073,1060.0,0.4431,47188.0,6407.0,16,16750
"Methuen Town city, Massachusetts",50282,40.7,77484,1727.0,0.4247,37487.0,6065.0,25,40710
"Casas Adobes CDP, Arizona",70166,41.5,64224,2085.0,0.4126,57955.0,10349.0,04,10670
"Palatine village, Illinois",68407,38.2,80526,1305.0,0.4439,47238.0,14998.0,17,57225
"Valdosta city, Georgia",56095,28.5,32595,1765.0,0.5614,22887.0,4862.0,13,78800
"Melbourne city, Florida",81468,42.6,48673,1661.0,0.4565,65213.0,10405.0,12,43975
"Kissimmee city, Florida",71185,34.5,40826,1964.0,0.4276,48598.0,6367.0,12,36950
"Centennial city, Colorado",110218,41.3,109324,1901.0,0.3935,94963.0,27061.0,08,12815
"Loveland city, Colorado",76972,39.9,68592,1767.0,0.4105,72145.0,12701.0,08,46465
"Farmington Hills city, Michigan",81214,42.9,83268,1738.0,0.4379,50944.0,17558.0,26,27440
"Kalamazoo city, Michigan",76019,26.5,41774,3217.0,0.4871,51848.0,7932.0,26,42160
"Rowland Heights CDP, California",50347,41.4,75587,1506.0,0.4381,9885.0,10992.0,06,63218
"Woodland city, California",59710,36.5,69612,1678.0,0.4333,44785.0,6538.0,06,86328
"Arcadia city, California",58152,43.7,93574,1296.0,0.4787,16544.0,14301.0,06,02462
"Carson city, California",92079,39.4,82305,2851.0,0.396,24871.0,13520.0,06,11530
"Compton city, California",96803,31.2,52883,4116.0,0.4098,34075.0,3585.0,06,15044
"Diamond Bar city, California",56211,42.6,99083,1626.0,0.424,15559.0,14612.0,06,19192
"Westminster city, California",91137,41.8,62625,2375.0,0.4875,33468.0,12813.0,06,84550
"South San Francisco city, California",67408,40.4,105459,1164.0,0.3993,23288.0,13053.0,06,73262
"Mountain View city, California",81656,34.8,139720,1645.0,0.4764,44498.0,17555.0,06,49670
"Lake Forest city, California",83974,39.6,109492,2024.0,0.4203,55374.0,18646.0,06,39496
"Whittier city, California",86090,37.0,77270,1722.0,0.4262,45017.0,9375.0,06,85292
"Vallejo city, California",121267,38.4,69405,5147.0,0.4267,42844.0,15833.0,06,81666
"Milpitas city, California",79517,36.3,132320,1563.0,0.4011,12521.0,17303.0,06,47766
"Glen Burnie CDP, Maryland",69872,36.9,70769,1811.0,0.3922,44257.0,7645.0,24,32650
"Gaithersburg city, Maryland",67742,36.5,89763,2177.0,0.4441,33028.0,12425.0,24,31175
"South Bend city, Indiana",102037,33.3,40265,3084.0,0.4836,62975.0,9408.0,18,71000
"Severn CDP, Maryland",50496,36.1,107155,1310.0,0.3587,24482.0,9041.0,24,71150
"Towson CDP, Maryland",57817,33.3,88786,1296.0,0.5017,43094.0,11158.0,24,78425
"Lake Charles city, Louisiana",77283,36.2,42942,2334.0,0.5159,36193.0,8915.0,22,41155
"Manhattan city, Kansas",55290,24.5,50537,1640.0,0.4796,45081.0,7209.0,20,44250
"Bristol city, Connecticut",60218,40.5,67507,1829.0,0.4347,50343.0,7457.0,09,08420
"New Britain city, Connecticut",72767,33.8,46499,2860.0,0.4546,50746.0,6101.0,09,50370
"West Haven city, Connecticut",54763,36.6,62985,2826.0,0.4239,34647.0,5435.0,09,82800
"Hartford city, Connecticut",123088,32.1,36278,7109.0,0.5049,38471.0,7642.0,09,37000
"North Port city, Florida",66410,46.1,62097,1046.0,0.398,58144.0,6723.0,12,49675
"Sarasota city, Florida",56919,49.2,53669,1074.0,0.5395,45861.0,9482.0,12,64175
"Weston city, Florida",70614,40.4,107908,1535.0,0.4724,57900.0,15282.0,12,76582
"Port Charlotte CDP, Florida",62327,53.2,46603,1643.0,0.4337,52585.0,5926.0,12,58350
"Lauderhill city, Florida",71625,35.7,41723,2891.0,0.4422,10294.0,5971.0,12,39550
"Lansing city, Michigan",117159,32.6,41674,5231.0,0.4268,71522.0,12645.0,26,46000
"Livonia city, Michigan",94249,45.5,80149,1961.0,0.391,84762.0,16937.0,26,49000
"Battle Creek city, Michigan",51316,36.3,42298,1828.0,0.468,35924.0,4835.0,26,05920
"Lake Havasu City city, Arizona",54495,54.2,53605,1334.0,0.4402,50929.0,4172.0,04,39370
"Madera city, California",64833,28.6,45163,2587.0,0.4336,39127.0,2466.0,06,45022
"Novato city, California",55642,46.9,101342,1070.0,0.4549,40148.0,12232.0,06,52582
"Merced city, California",82662,29.4,45232,4411.0,0.4742,44389.0,4537.0,06,46898
"Tracy city, California",90675,33.9,92046,2493.0,0.3679,53045.0,9207.0,06,80238
"Muncie city, Indiana",68750,28.6,33944,2671.0,0.485,57127.0,4853.0,18,51876
"Santa Fe city, New Mexico",83922,44.1,57972,1841.0,0.4777,73856.0,12759.0,35,70500
"Albany city, New York",97478,30.9,45825,3762.0,0.495,53628.0,11569.0,36,01000
"Brentwood CDP, New York",63399,34.1,82165,1330.0,0.4298,38465.0,3894.0,36,08026
"Irondequoit CDP, New York",50302,45.2,62225,1171.0,0.4104,42090.0,8563.0,36,37737
"High Point city, North Carolina",111714,36.2,47234,3814.0,0.4694,55277.0,15098.0,37,31400
"Hamilton city, Ohio",62182,36.6,47064,1970.0,0.419,52676.0,4721.0,39,33012
"Moore city, Oklahoma",60943,34.3,65915,1487.0,0.3724,47499.0,7600.0,40,49200
"Norman city, Oklahoma",122837,30.9,58119,2950.0,0.4827,94836.0,17545.0,40,52500
"Leesburg town, Virginia",52994,35.2,114444,1081.0,0.4081,39130.0,11454.0,51,44984
"Centreville CDP, Virginia",74125,36.6,118158,1725.0,0.37,40316.0,16459.0,51,14440
"Round Rock city, Texas",124434,34.3,82676,3732.0,0.3882,93592.0,21968.0,48,63500
"Lakewood city, Washington",60111,35.7,51972,1871.0,0.4546,35421.0,6031.0,53,38038
"Richland city, Washington",56399,36.9,77686,1127.0,0.4162,47925.0,9802.0,53,58235
"Flower Mound town, Texas",76555,39.7,137285,1616.0,0.3749,60404.0,20086.0,48,26232
"North Richland Hills city, Texas",70202,38.7,71076,1823.0,0.426,55741.0,11667.0,48,52356
"Euless city, Texas",55763,35.3,65921,1112.0,0.4033,36404.0,8938.0,48,24768
"Atascocita CDP, Texas",81557,34.1,100292,1622.0,0.3908,55364.0,13695.0,48,04462
"Harrisonburg city, Virginia",53273,25.4,46679,1320.0,0.4839,42838.0,5459.0,51,35624
"Beaverton city, Oregon",97861,36.6,71806,2710.0,0.4296,72370.0,21068.0,41,05350
"Reading city, Pennsylvania",88232,30.0,32176,5172.0,0.4576,47605.0,3944.0,42,63624
"Lancaster city, Pennsylvania",59433,32.0,45514,2291.0,0.4406,35536.0,5480.0,42,41216
"Levittown CDP, Pennsylvania",51818,39.7,81107,1670.0,0.3579,46188.0,5145.0,42,42928
"Cranston city, Rhode Island",81254,40.0,72017,1840.0,0.4179,64014.0,11132.0,44,19180
"Aloha CDP, Oregon",54287,35.6,78148,1687.0,0.361,38861.0,8103.0,41,01650
"Pflugerville city, Texas",61737,36.1,93627,1436.0,0.3639,40229.0,11733.0,48,57176
"Erie city, Pennsylvania",97263,34.9,37894,3603.0,0.46,70744.0,9464.0,42,24000
"St. Joseph city, Missouri",75913,36.8,48197,1742.0,0.4519,65392.0,7041.0,29,64550
"Schenectady city, New York",65334,36.2,45438,2985.0,0.4383,36888.0,6174.0,36,65508
"New Rochelle city, New York",79067,39.7,81311,2594.0,0.5349,44750.0,11325.0,36,50617
"Cheektowaga CDP, New York",73740,41.2,54002,1418.0,0.4063,60126.0,7949.0,36,15000
"Mount Vernon city, New York",67896,40.1,59907,2389.0,0.4831,13920.0,8262.0,36,49121
"Apex town, North Carolina",51370,37.1,111435,837.0,0.3814,40874.0,12742.0,37,01520
"Greenville city, North Carolina",91921,27.3,40875,4330.0,0.5194,48826.0,11201.0,37,28080
"Gastonia city, North Carolina",75887,38.4,49460,2760.0,0.47,47419.0,8461.0,37,25580
"Asheville city, North Carolina",91560,39.0,49930,1418.0,0.4666,76941.0,20073.0,37,02140
"Rocky Mount city, North Carolina",54548,39.4,40633,1935.0,0.4807,16403.0,5122.0,37,57500
"Grand Forks city, North Dakota",56500,29.0,50076,1398.0,0.4889,48003.0,7653.0,38,32060
"Springfield city, Ohio",59132,35.8,39332,2739.0,0.4472,44302.0,3389.0,39,74118
"Midwest City city, Oklahoma",57288,36.0,49914,1534.0,0.4125,36515.0,5733.0,40,48350
"Everett city, Washington",109766,36.1,60759,3015.0,0.4305,79608.0,12671.0,53,22640
"Lynchburg city, Virginia",80569,28.3,46409,2256.0,0.4623,52348.0,9472.0,51,47672
"Bend city, Oregon",93917,38.9,65662,2437.0,0.4563,86897.0,18546.0,41,05800
"Jackson city, Tennessee",66870,35.9,43621,1814.0,0.5054,33110.0,7092.0,47,37640
"Warwick city, Rhode Island",80993,44.7,73757,1689.0,0.428,73781.0,13049.0,44,74300
"Pawtucket city, Rhode Island",71844,37.6,50476,2876.0,0.4446,44267.0,7185.0,44,54640
"Rock Hill city, South Carolina",73334,34.6,50444,2259.0,0.4619,39977.0,9291.0,45,61405
"North Charleston city, South Carolina",111501,33.0,45510,2764.0,0.462,51154.0,11810.0,45,50875
"Albany city, Oregon",53521,37.0,60624,1737.0,0.416,46339.0,6696.0,41,01000
"Springfield city, Oregon",62077,36.1,47695,2556.0,0.4126,52917.0,5320.0,41,69600
"Grand Island city, Nebraska",51147,34.9,54965,1136.0,0.4377,41916.0,4722.0,31,19595
"Trenton city, New Jersey",83412,34.0,35402,4288.0,0.5165,34148.0,4090.0,34,74000
"Lakewood CDP, New Jersey",56072,16.9,50897,726.0,0.4969,52514.0,3468.0,34,38580
"Hempstead village, New York",55300,33.9,62569,1271.0,0.448,8222.0,4062.0,36,33139
"Concord city, North Carolina",91980,36.8,67984,2616.0,0.4413,59624.0,14251.0,37,14100
"Jacksonville city, North Carolina",73025,23.1,44956,2299.0,0.4174,50752.0,4986.0,37,34200
"Missouri City city, Texas",74557,39.6,87915,2755.0,0.3936,24796.0,14416.0,48,48804
"Allen city, Texas",101699,37.9,105925,2537.0,0.4013,69257.0,22106.0,48,01924
"Lewisville city, Texas",106386,32.8,64493,2282.0,0.3826,69490.0,17326.0,48,42508
"Tyler city, Texas",104789,33.7,52932,2827.0,0.4996,72126.0,13208.0,48,74144
"Cedar Park city, Texas",74814,35.5,104019,1247.0,0.3762,60293.0,16710.0,48,13552
"Conroe city, Texas",84358,33.6,60343,1865.0,0.4732,70006.0,9863.0,48,16432
"Baytown city, Texas",76635,32.9,57270,3030.0,0.4316,54423.0,4893.0,48,06128
"Redmond city, Washington",65558,34.5,132188,1311.0,0.4091,36057.0,18015.0,53,57535
"Pasco city, Washington",72899,29.5,62775,2170.0,0.4015,50364.0,5049.0,53,53545
"Renton city, Washington",101484,36.2,77739,2126.0,0.4202,50824.0,18218.0,53,57745
"Federal Way city, Washington",96526,35.8,67347,2867.0,0.4173,49737.0,12155.0,53,23515
"Hillsboro city, Oregon",106543,34.0,82275,2763.0,0.3826,73334.0,17337.0,41,34100
"Gresham city, Oregon",110494,36.7,54084,3492.0,0.4208,87041.0,10973.0,41,31250
"Kingsport city, Tennessee",53376,44.5,42856,1471.0,0.5233,48671.0,6299.0,47,39560
"Franklin city, Tennessee",77939,38.4,98231,1384.0,0.4251,65105.0,20154.0,47,27740
"Bartlett city, Tennessee",59102,41.8,84688,1191.0,0.3716,42865.0,8735.0,47,03440
"Collierville town, Tennessee",50086,40.2,113996,534.0,0.4136,36433.0,11492.0,47,16420
"Missoula city, Montana",73710,32.8,47426,2208.0,0.4866,67130.0,13688.0,30,50200
"Carson City, Nevada",54773,42.4,55718,1372.0,0.4539,44913.0,5629.0,32,09700
"Las Cruces city, New Mexico",102102,32.3,43022,3470.0,0.4858,87567.0,11645.0,35,39380
"Rio Rancho city, New Mexico",96210,38.4,66856,3179.0,0.3913,77962.0,12629.0,35,63460
"Utica city, New York",60320,34.0,37760,2190.0,0.5051,37650.0,4535.0,36,76540
"Fargo city, North Dakota",121889,31.0,55551,2414.0,0.4761,103152.0,21314.0,38,25700
"Burlington city, North Carolina",53063,38.9,43225,1812.0,0.4829,29830.0,6597.0,37,09060
"Chapel Hill town, North Carolina",60998,25.8,73614,1070.0,0.5487,43760.0,9032.0,37,11800
"Elyria city, Ohio",53821,39.2,44324,1838.0,0.4439,41096.0,3826.0,39,25256
"Broken Arrow city, Oklahoma",108496,37.3,73119,2443.0,0.4089,83841.0,16988.0,40,09050
"San Marcos city, Texas",63220,24.2,40370,2789.0,0.4841,53290.0,6611.0,48,65600
"Sugar Land city, Texas",118709,42.2,121274,2889.0,0.4392,61783.0,28503.0,48,70808
"The Woodlands CDP, Texas",113819,40.4,122634,1927.0,0.4905,95852.0,28868.0,48,72656
"College Station city, Texas",113686,23.0,45820,2304.0,0.5462,88454.0,14814.0,48,15976
"Mission city, Texas",83567,31.7,48815,2692.0,0.5012,73139.0,8892.0,48,48768
"Lehi city, Utah",64006,25.2,95510,754.0,0.3661,59159.0,10105.0,49,44320
"Orem city, Utah",96725,26.5,64590,1926.0,0.4218,86637.0,14093.0,49,57300
"Johnson City city, Tennessee",66515,35.6,41682,1873.0,0.5411,56945.0,9849.0,47,38320
"Scranton city, Pennsylvania",77054,37.2,40608,1876.0,0.4715,64027.0,7843.0,42,69000
"Greenville city, South Carolina",67737,34.3,56609,1654.0,0.5398,47683.0,13877.0,45,30850
"Mount Pleasant town, South Carolina",86982,40.9,103232,1007.0,0.4401,79656.0,24301.0,45,48535
"Independence city, Missouri",117084,40.1,50592,2875.0,0.4433,93231.0,10653.0,29,35000
"Manchester city, New Hampshire",112109,36.0,60711,3174.0,0.4254,95076.0,15876.0,33,45140
"Nashua city, New Hampshire",88815,39.6,74995,2245.0,0.4368,73372.0,14133.0,33,50260
"Wilmington city, North Carolina",120194,36.0,47580,3512.0,0.5177,91944.0,21343.0,37,74440
"Huntersville town, North Carolina",55980,37.4,102016,1030.0,0.3965,44872.0,14023.0,37,33120
"Suffolk city, Virginia",90093,38.0,74884,2830.0,0.4341,46357.0,10580.0,51,76432
"League City city, Texas",103310,35.2,109073,2556.0,0.3818,83693.0,20139.0,48,41980
"Layton city, Utah",76197,30.7,77426,1253.0,0.372,66721.0,10438.0,49,43660
"West Jordan city, Utah",114138,31.8,80955,2492.0,0.3501,91535.0,12905.0,49,82950
"Sandy city, Utah",96127,36.5,94018,1432.0,0.3992,86602.0,17435.0,49,67440
"Georgetown city, Texas",71004,46.3,73822,1791.0,0.4181,63321.0,13470.0,48,29336
"Odessa city, Texas",119702,30.7,63847,3674.0,0.4526,94732.0,9304.0,48,53388
"Guaynabo zona urbana, Puerto Rico",68024,44.3,43067,2749.0,0.5602,52509.0,,72,32522
"Caguas zona urbana, Puerto Rico",73322,41.8,23117,5011.0,0.4999,54894.0,,72,10334
"Clifton city, New Jersey",85204,39.5,76646,1834.0,0.427,57942.0,13185.0,34,13690
"Passaic city, New Jersey",70019,30.1,40865,1634.0,0.4983,45258.0,4220.0,34,56550
"Bismarck city, North Dakota",72777,37.2,64444,927.0,0.4375,65388.0,12966.0,38,07200
"Kettering city, Ohio",55390,39.3,58970,1210.0,0.4487,49727.0,8133.0,39,40040
"Youngstown city, Ohio",64783,39.3,28822,3981.0,0.4909,31813.0,4233.0,39,88000
"Portsmouth city, Virginia",95097,35.3,52175,3484.0,0.4324,37831.0,9067.0,51,64000
"Bellingham city, Washington",88764,31.5,53396,3031.0,0.4718,73853.0,14943.0,53,05280
"South Hill CDP, Washington",60172,34.6,86568,1805.0,0.3695,44403.0,7079.0,53,65922
"Sammamish city, Washington",64674,38.7,174003,909.0,0.3708,40117.0,17141.0,53,61115
"Reston CDP, Virginia",61147,39.8,120396,1429.0,0.4264,44067.0,16065.0,51,66672
"Summerville town, South Carolina",53037,35.6,59180,1463.0,0.4411,37753.0,6607.0,45,70270
"Hendersonville city, Tennessee",57083,40.3,72539,1090.0,0.441,49373.0,9811.0,47,33280
"Casper city, Wyoming",58446,35.9,61979,1218.0,0.4352,55054.0,6176.0,56,13150
"Cheyenne city, Wyoming",63607,36.6,64598,1773.0,0.4368,56897.0,8277.0,56,13900
"Billings city, Montana",109595,36.9,59656,1917.0,0.4547,97688.0,17990.0,30,06550
"West New York town, New Jersey",52662,36.2,56436,1700.0,0.4693,32306.0,7435.0,34,79610
"Lakewood city, Ohio",50259,34.7,53290,1432.0,0.4575,44101.0,10634.0,39,41664
"Parma city, Ohio",79091,42.0,57120,2415.0,0.3744,71323.0,8727.0,39,61000
"Lorain city, Ohio",63801,37.0,38291,2483.0,0.4724,45348.0,3555.0,39,44856
"Beaumont city, Texas",118151,33.9,50632,2292.0,0.4907,54309.0,12022.0,48,07000
"Edinburg city, Texas",95847,28.8,48673,3133.0,0.4638,84257.0,9457.0,48,22660
"Pearland city, Texas",122078,35.0,104504,2124.0,0.3713,75336.0,23426.0,48,56348
"Enid city, Oklahoma",50394,35.0,51952,1176.0,0.4398,39943.0,4735.0,40,23950
"Lawton city, Oklahoma",94017,31.3,47779,3235.0,0.4479,54161.0,7349.0,40,41850
"Oshkosh city, Wisconsin",66773,33.9,50892,1208.0,0.4019,60584.0,8037.0,55,60500
"Blue Springs city, Missouri",54850,35.4,75767,874.0,0.3809,47054.0,8270.0,29,06652
"New Brunswick city, New Jersey",55960,23.6,43783,1365.0,0.5014,35715.0,3227.0,34,51210
"Union City city, New Jersey",68226,36.2,48992,1711.0,0.4663,48047.0,6686.0,34,74630
"White Plains city, New York",58137,40.0,90427,1651.0,0.517,34851.0,9956.0,36,81677
"Provo city, Utah",116403,23.6,48888,3029.0,0.4817,102371.0,14296.0,49,62470
"St. George city, Utah",84500,37.2,58259,1361.0,0.4465,74330.0,10039.0,49,65330
"Edmond city, Oklahoma",92009,35.7,81473,1704.0,0.4944,73748.0,18660.0,40,23200
"Bethlehem city, Pennsylvania",75461,35.5,55809,1984.0,0.4504,58032.0,8765.0,42,06088
"La Crosse city, Wisconsin",51666,29.3,45233,1259.0,0.4805,46453.0,6562.0,55,40775
"Racine city, Wisconsin",77081,34.7,44056,2371.0,0.4408,50178.0,5406.0,55,66000
"Plainfield city, New Jersey",50362,34.6,56339,2063.0,0.4778,12689.0,3954.0,34,59190
"Hoboken city, New Jersey",53193,31.7,147620,1086.0,0.4636,42920.0,20579.0,34,32250
"Vineland city, New Jersey",60034,38.1,54476,2038.0,0.4611,42554.0,5213.0,34,76070
"Camden city, New Jersey",74002,30.8,27015,3843.0,0.5002,17354.0,3039.0,34,10000
"Canton city, Ohio",71243,35.5,32287,3788.0,0.4586,47781.0,4215.0,39,12000
"Spokane Valley city, Washington",97562,37.9,51961,2674.0,0.4143,87650.0,11110.0,53,67167
"Longview city, Texas",81653,34.7,49086,1884.0,0.4796,58906.0,7476.0,48,43888
"Galveston city, Texas",50241,38.9,49319,1784.0,0.5076,38274.0,6321.0,48,28068
"Port Arthur city, Texas",55109,34.5,36557,1614.0,0.4806,27546.0,2911.0,48,58820
"Roanoke city, Virginia",99229,38.5,44230,3183.0,0.4802,61909.0,10092.0,51,68000
"Spring CDP, Texas",60976,34.8,71376,1616.0,0.3687,38408.0,6981.0,48,69596
"Ogden city, Utah",86833,31.8,50061,2068.0,0.4549,72919.0,7293.0,49,55980
"Millcreek city, Utah",60731,36.9,72134,1096.0,0.4657,52382.0,13375.0,49,50150
"Corvallis city, Oregon",58028,27.4,52942,1815.0,0.5044,47323.0,9487.0,41,15800
"Tigard city, Oregon",53312,37.6,79809,1137.0,0.4228,43643.0,10842.0,41,73650
"Allentown city, Pennsylvania",120915,31.6,41167,5840.0,0.4676,75302.0,7101.0,42,02000
"Ponce zona urbana, Puerto Rico",113401,41.7,17419,4626.0,0.5715,90111.0,,72,63820
"Mayagüez zona urbana, Puerto Rico",61361,39.1,13161,5516.0,0.6365,16821.0,,72,52431
"O'Fallon city, Missouri",87242,37.0,90025,1358.0,0.3885,77523.0,14989.0,29,54074
"Joplin city, Missouri",50386,36.7,45449,1528.0,0.4842,43575.0,5893.0,29,37592
"Florissant city, Missouri",51455,35.9,54978,2345.0,0.3588,26819.0,5638.0,29,24778
"Bayonne city, New Jersey",65091,38.0,63947,1989.0,0.457,40770.0,11663.0,34,03580
"Tonawanda CDP, New York",57027,43.4,59845,892.0,0.4046,50824.0,9329.0,36,74183
"Rowlett city, Texas",63793,39.3,101085,1834.0,0.3556,44365.0,10451.0,48,63572
"Shoreline city, Washington",56267,41.8,86827,1203.0,0.4289,38882.0,13137.0,53,63960
"Auburn city, Washington",80134,35.5,72822,2043.0,0.4081,49946.0,9843.0,53,03180
"Victoria city, Texas",67055,34.4,54192,1927.0,0.4795,57232.0,5828.0,48,75428
"Rapid City city, South Dakota",75258,38.0,52351,2148.0,0.4728,59860.0,10964.0,46,52980
"Bellevue city, Nebraska",53324,33.8,65308,1438.0,0.3899,43629.0,6372.0,31,03950
"Abilene city, Texas",124156,31.6,50659,2050.0,0.4485,89658.0,11616.0,48,01000
"San Angelo city, Texas",100031,33.3,51928,1879.0,0.4681,85390.0,10201.0,48,64472
"Waukesha city, Wisconsin",72412,36.1,65260,1295.0,0.4196,64317.0,12413.0,55,84250
"Marysville city, Washington",68633,35.7,80453,1597.0,0.3741,55236.0,6748.0,53,43955
"Yakima city, Washington",93413,33.8,44950,2698.0,0.455,68708.0,6303.0,53,80010
"Wichita Falls city, Texas",104279,33.1,47476,2355.0,0.4653,78840.0,10099.0,48,79000
"Great Falls city, Montana",58835,38.6,46965,1105.0,0.4809,51105.0,6820.0,30,32800
"Sparks city, Nevada",100589,38.3,64645,3146.0,0.4105,75328.0,10709.0,32,68400
"Levittown CDP, New York",51634,42.0,124995,1032.0,0.3516,42732.0,7260.0,36,42081
"New Braunfels city, Texas",79438,36.5,71044,1368.0,0.4229,72797.0,12891.0,48,50820
"Appleton city, Wisconsin",74139,35.9,58112,1451.0,0.4376,62479.0,11011.0,55,02375
"DeSoto city, Texas",53090,38.9,71578,1438.0,0.4064,14263.0,6350.0,48,20092
"Grapevine city, Texas",53317,38.2,91143,1254.0,0.4213,42157.0,11766.0,48,30644
"Richardson city, Texas",116432,35.6,85678,2399.0,0.4339,77821.0,26458.0,48,61796
"South Jordan city, Utah",71198,32.6,104597,577.0,0.3893,62907.0,11696.0,49,70850
"Harlingen city, Texas",65129,31.6,39752,1692.0,0.4819,59519.0,4515.0,48,32372
"Leander city, Texas",53716,34.4,101872,868.0,0.374,44732.0,9259.0,48,42016
"Bryan city, Texas",84096,30.5,45771,1694.0,0.4689,60521.0,8147.0,48,10912
"Temple city, Texas",74762,34.2,54873,1890.0,0.462,56131.0,8717.0,48,72176
"Taylorsville city, Utah",60138,33.7,66311,1373.0,0.3784,44725.0,7202.0,49,75360
"Dale City CDP, Virginia",72627,35.0,95297,2046.0,0.3763,31918.0,8105.0,51,21088
"Kirkland city, Washington",89438,37.4,117190,1708.0,0.4505,67705.0,24577.0,53,35940
"Burien city, Washington",51477,37.9,67402,1588.0,0.4587,28198.0,6985.0,53,08850
"Medford city, Oregon",81145,37.4,50116,2287.0,0.4479,72096.0,9041.0,41,47000
"Lee's Summit city, Missouri",97275,38.7,89969,1476.0,0.4112,82421.0,19203.0,29,41348
"St. Charles city, Missouri",70171,36.9,68486,865.0,0.4294,59672.0,10853.0,29,64082
"St. Peters city, Missouri",57273,39.5,78786,1283.0,0.3813,50888.0,10218.0,29,65126
"East Orange city, New Jersey",64374,35.1,48072,4249.0,0.4524,2206.0,5713.0,34,19390
"Logan city, Utah",50863,24.0,41833,791.0,0.4322,44039.0,5664.0,49,45860
"Olympia city, Washington",51534,38.4,59878,1412.0,0.4512,42300.0,9215.0,53,51300
"Kennewick city, Washington",81479,33.7,59533,2245.0,0.4275,64587.0,8252.0,53,35275
"Columbia city, Missouri",121230,28.5,51276,2973.0,0.4924,93481.0,18748.0,29,15670
"Pharr city, Texas",78073,29.2,39884,1495.0,0.4458,73203.0,4958.0,48,57200
"Mansfield city, Texas",69557,35.9,99510,1430.0,0.3751,47266.0,12196.0,48,46452
"Toms River CDP, New Jersey",89254,42.7,79889,2256.0,0.4399,76887.0,13199.0,34,73110
"Perth Amboy city, New Jersey",51678,33.3,52563,952.0,0.4465,40930.0,3597.0,34,58200
"West Allis city, Wisconsin",60025,37.9,52325,1259.0,0.3995,49286.0,8022.0,55,85300
"Eau Claire city, Wisconsin",68187,31.7,55477,1593.0,0.4317,61487.0,9264.0,55,22300
"Kenosha city, Wisconsin",99688,35.8,55417,3614.0,0.4472,79039.0,9919.0,55,39225
"Janesville city, Wisconsin",64245,39.7,56293,1570.0,0.4114,58941.0,7251.0,55,37825
"Green Bay city, Wisconsin",104777,34.5,49251,2056.0,0.4403,80334.0,12004.0,55,31000
